{"cameraMode":{"drawMode":0,"name":"Shaded","section":"Shading Mode"},"sceneLighting":true,"audioPlay":false,"sceneViewState":{"m_AlwaysRefresh":false,"showFog":true,"showSkybox":true,"showFlares":true,"showImageEffects":true,"showParticleSystems":true,"showVisualEffectGraphs":true,"m_FxEnabled":true},"in2DMode":false,"pivot":{"x":-162.71286010742188,"y":22.233951568603517,"z":-136.07034301757813},"rotation":{"x":-0.12091665714979172,"y":-0.23053677380084992,"z":0.11663010716438294,"w":-0.9613173604011536},"size":280.0123291015625,"orthographic":false}